gene_name,gene_biotype,logFC,logCPM,F,PValue,FDR
LAD1,protein_coding,-8.41325024437553,6.976327573874864,466.4918530676003,6.5629914136959854e-9,1.4562505615651773e-4
C1orf116,protein_coding,-8.469845344043549,6.328673035458581,380.92309010240325,1.669825790081833e-8,1.4562505615651773e-4
FGFBP1,protein_coding,-10.3856388880907,8.146145762449503,360.30527065693633,2.118105568729853e-8,1.4562505615651773e-4
CLDN7,protein_coding,-5.3256497298466,5.913370053386278,325.40944894143666,2.7547174245207708e-8,1.4562505615651773e-4
AP1M2,protein_coding,-6.411633197371884,5.516515494765172,276.5295174280378,6.535744143727456e-8,1.4562505615651773e-4
FAM83B,protein_coding,-8.74307907986064,3.9619459810949182,276.1444973853861,6.574500090612613e-8,1.4562505615651773e-4
KRT5,protein_coding,-8.355758081289471,11.854365300227236,273.54189720973176,6.84401997334273e-8,1.4562505615651773e-4
LAMA3,protein_coding,-6.036366918036268,10.087734530529154,260.22841817325127,7.287287702602761e-8,1.4562505615651773e-4
CYP4F11,protein_coding,-5.884930639155034,3.1878774317308194,257.9602371119707,7.491704693020485e-8,1.4562505615651773e-4
KRT14,protein_coding,-6.434341178197664,11.340153028871997,251.08134117982752,8.487473610191655e-8,1.4562505615651773e-4
FAT2,protein_coding,-6.534841817757509,7.201086629862148,259.3054232857212,8.584351391444367e-8,1.4562505615651773e-4
TRIM29,protein_coding,-6.599012591278181,7.210855520699957,257.4134050287981,8.854772553485594e-8,1.4562505615651773e-4
TFCP2L1,protein_coding,-5.409540081241248,4.376692847888876,246.39852888684956,9.120533224448726e-8,1.4562505615651773e-4
KRT6B,protein_coding,-9.706575053121135,8.545674307968232,253.4148535813316,9.461572976143675e-8,1.4562505615651773e-4
CD24,protein_coding,-4.8669586712699084,6.574260030384415,242.8692776139553,1.0078633552921333e-7,1.4562505615651773e-4
TP63,protein_coding,-8.092571583850582,7.115928331160184,246.4128778503616,1.065243526101894e-7,1.4562505615651773e-4
MISP,protein_coding,-5.404117141987948,5.171372908179467,220.74495369484512,1.662079841992999e-7,2.1459297515509607e-4
CDH3,protein_coding,-6.116856272216096,8.503316335124307,212.97642423973957,1.9708688782197685e-7,2.3466927646858328e-4
CBLC,protein_coding,-5.92393000005804,4.565526842548703,209.30103571069006,2.1206376729497283e-7,2.3466927646858328e-4
EHF,protein_coding,-7.754748786973804,3.9618560151846838,207.15963758302112,2.2143608754436713e-7,2.3466927646858328e-4
FST,protein_coding,-5.199907181457652,5.413367107184591,205.77145241360608,2.2778451114040307e-7,2.3466927646858328e-4
MFAP5,protein_coding,-9.005195933666183,4.949441583171865,204.82405585029943,2.3224584159971667e-7,2.3466927646858328e-4
LAMB3,protein_coding,-5.45556720811203,9.021901506254679,201.41003560343265,2.4924015703412226e-7,2.3818003734620341e-4
TSPAN1,protein_coding,-5.071948235058428,5.557210134566979,200.09018978317343,2.562177682295648e-7,2.3818003734620341e-4
ITGB4,protein_coding,-5.628559068724955,9.815755112173566,196.15488903372818,2.7849653070393586e-7,2.4279927659268135e-4
SERPINB2,protein_coding,-8.280086402385301,6.289754810889193,195.5577795115949,2.8208177573160054e-7,2.4279927659268135e-4
S100A14,protein_coding,-8.17811198345666,8.11346452524386,189.68796788374593,3.2053084279269304e-7,2.4508252169680797e-4
DMKN,protein_coding,-4.555392878053929,6.729329453239927,188.77088724045527,3.220311783415728e-7,2.4508252169680797e-4
B3GNT3,protein_coding,-6.563709855779682,4.223006818368253,187.8070295431741,3.341966535188908e-7,2.4508252169680797e-4
CAMSAP3,protein_coding,-5.361671953601692,3.811779742058646,181.4469785020877,3.542248690723947e-7,2.4508252169680797e-4
RAB25,protein_coding,-7.977204228273974,4.525825054227778,184.79140060939446,3.576347781152525e-7,2.4508252169680797e-4
ABLIM1,protein_coding,-4.111924012431142,6.254475802415916,180.3665231735525,3.6271214065219343e-7,2.4508252169680797e-4
ZBED2,protein_coding,-6.822045959375076,4.968864876383051,182.42083091082964,3.774903434347136e-7,2.4508252169680797e-4
JUP,protein_coding,-4.520284564850964,8.735754666971626,178.7020601462358,3.829645567051419e-7,2.4508252169680797e-4
IRF6,protein_coding,-4.846721645066694,8.213620310872832,180.9833741078725,3.9019162232280096e-7,2.4508252169680797e-4
HES2,protein_coding,-5.7432032232249854,3.818472599112237,178.86339125186333,4.036752749365235e-7,2.46879299724337e-4
FERMT1,protein_coding,-3.7367605283231016,7.307648427682819,172.49968770985842,4.166153665780941e-7,2.482600286993566e-4
KDF1,protein_coding,-5.279511568569808,3.844085887013206,172.55562623627245,4.4545414598513093e-7,2.5880885881736105e-4
SFN,protein_coding,-4.333822044798623,9.53226691843858,167.0253551849573,4.814606189573985e-7,2.7290597035536446e-4
MARVELD3,protein_coding,-5.571668442794611,3.3491023838559557,166.84060280641648,5.11141909943486e-7,2.828318568353956e-4
S100A2,protein_coding,-6.211233621884423,10.741471090479646,166.9642174016866,5.46354767843732e-7,2.847872129183869e-4
LCN2,protein_coding,-7.893231004701097,3.6423045847868587,166.95153434508305,5.465277786899154e-7,2.847872129183869e-4
PAK6,protein_coding,-4.436378231017515,4.389378992867779,161.79463728290676,5.64261781582551e-7,2.847872129183869e-4
GJB3,protein_coding,-6.394822901201726,6.2967630107687524,165.6279009992252,5.649598300723274e-7,2.847872129183869e-4
KRT19,protein_coding,-4.639521238458094,7.186631812988419,164.86391982451798,5.759466009967377e-7,2.847872129183869e-4
KRT16,protein_coding,-5.315282708157792,4.964299017181184,163.05049505025715,6.030954643054852e-7,2.9199872063457243e-4
ST14,protein_coding,-5.594888695416747,6.483265108210809,158.46347188017066,6.791231028733682e-7,3.095981311121978e-4
CDH1,protein_coding,-8.021797279274665,7.942367026928657,158.44733630048506,6.794107008055976e-7,3.095981311121978e-4
CA2,protein_coding,-4.7078330116555005,4.009812958555715,153.94528640234807,7.154212102973687e-7,3.197382486021317e-4
LLGL2,protein_coding,-3.7124600216827304,4.326308325111066,146.45401074532418,8.304567476066968e-7,3.6414744932791764e-4
PKP2,protein_coding,-4.46240066551779,5.148286703376303,149.42847619413067,8.665762851251488e-7,3.709489768985461e-4
TMEM30B,protein_coding,-5.276323498725188,4.174685488628252,148.96161889201474,8.778912964466453e-7,3.709489768985461e-4
ESRP1,protein_coding,-8.097208896511194,5.9422734301024756,147.6601905189317,9.104060456905709e-7,3.7781850896158694e-4
MYO5B,protein_coding,-5.041830248467016,4.3371912346303905,145.83015666678446,9.586716068183642e-7,3.9086891477997865e-4
PERP,protein_coding,-4.178305733085246,7.434118161582644,144.88474687914155,9.84837799476001e-7,3.9194148514564814e-4
GDF6,protein_coding,10.125953827973714,4.567299884463744,144.52473700229348,9.950321696898985e-7,3.9194148514564814e-4
SLPI,protein_coding,-8.24535286546176,4.579372829406287,143.00780393000505,1.0394385674027735e-6,4.026092051073409e-4
MAST4,protein_coding,-3.1080192534304665,5.932938219881354,137.88459859888758,1.0691891105917511e-6,4.0734352344511967e-4
COL17A1,protein_coding,-7.783508806824995,9.032923601481448,140.68200231902907,1.112358910648671e-6,4.169551787657276e-4
ANXA3,protein_coding,-4.847386848862078,6.407688787906275,136.0628449222298,1.2767888581716671e-6,4.7099322323665947e-4
TMEM40,protein_coding,-4.672294816986832,5.306510901657211,134.92994803752134,1.3215918019572427e-6,4.740544697746358e-4
ZNF385A,protein_coding,-2.9418940728525196,5.862686347448681,130.9629957982388,1.3258838440340502e-6,4.740544697746358e-4
ERVMER34-1,protein_coding,-4.391641158864134,3.120936898011253,127.78509842576565,1.4688664597730368e-6,5.172190382594754e-4
PLPP3,protein_coding,3.9652307212791,4.137534115191311,126.59957139055669,1.5843973372275467e-6,5.495730465248983e-4
PTAFR,protein_coding,-4.851220839365651,3.7316787899632415,126.66953913355295,1.7141254386880419e-6,5.858275763986778e-4
EPCAM,protein_coding,-4.742981948271516,5.122413007134344,123.80470752571419,1.8829580794046648e-6,6.234588845794778e-4
ANO9,protein_coding,-3.8692755521249227,3.3263532465474137,119.99266723564436,1.9081310754622976e-6,6.234588845794778e-4
CLDN1,protein_coding,-3.566921979852639,5.535571756228003,122.40701393182728,1.9241862639632107e-6,6.234588845794778e-4
EPN3,protein_coding,-5.180651100271028,5.17471407559516,122.72257967356957,1.9520130076868145e-6,6.234588845794778e-4
KIAA0040,protein_coding,-6.6428836687258235,5.783912582589938,122.50085569984921,1.966544179113617e-6,6.234588845794778e-4
KRT6A,protein_coding,-9.535434887776022,10.41766699092603,121.76379840222872,2.0158142684660146e-6,6.234588845794778e-4
PTX3,protein_coding,5.102745474029275,7.41620939417565,121.51902631076074,2.032511382001157e-6,6.234588845794778e-4
EPHA1,protein_coding,-4.512184066456138,3.9243053314173997,121.05523551209902,2.064617648167679e-6,6.234588845794778e-4
ANKEF1,protein_coding,-3.4452808924806546,3.7624106145271727,117.09895508282682,2.1114194660808666e-6,6.234588845794778e-4
TACSTD2,protein_coding,-2.9676880662990506,7.176631148012694,116.90472973943183,2.1259931827570104e-6,6.234588845794778e-4
PTGS2,protein_coding,-5.1585588875387165,5.38706581707662,120.04239936704293,2.13692702088775e-6,6.234588845794778e-4
IVL,protein_coding,-4.518595017908668,3.149999122686494,117.58417855498149,2.1888826888472653e-6,6.234588845794778e-4
SH2D3A,protein_coding,-4.328224369525975,4.681745867388041,119.19805587807366,2.1995988531207353e-6,6.234588845794778e-4
PKIB,protein_coding,-4.543330932763432,2.0628758460718335,115.94540687600804,2.1998118991186394e-6,6.234588845794778e-4
ADAM8,protein_coding,-4.204394039789596,5.842314048720212,116.7452574928514,2.3949195534830458e-6,6.705774749752528e-4
ARHGAP25,protein_coding,-3.538375269796422,3.69909492588299,111.83102069130258,2.5544164778456095e-6,7.022858168536503e-4
AREG,protein_coding,-4.725075461461978,8.228433893431797,114.76230415268688,2.5686013094905454e-6,7.022858168536503e-4
FAM83A,protein_coding,-4.0712989965808735,7.4855199539152,113.89822010656162,2.649112335681206e-6,7.098570505164044e-4
SPINT2,protein_coding,-3.548336432571331,6.476266066920572,113.81129450832556,2.657382245909087e-6,7.098570505164044e-4
KRT17,protein_coding,-5.628919707766119,10.995872481728332,111.317769726505,2.9087216948400715e-6,7.424878231720901e-4
KRT15,protein_coding,-4.417241531235184,4.162965071515105,111.17072723584022,2.9244365572085593e-6,7.424878231720901e-4
CKMT1B,protein_coding,-5.752221020771089,5.5966532789506225,111.08073496218483,2.934105787813765e-6,7.424878231720901e-4
WFDC2,protein_coding,-5.926198379573968,2.676578280494464,111.04085317169567,2.9384034566391685e-6,7.424878231720901e-4
VGLL1,protein_coding,-6.774295726852169,2.7027358611980907,110.87257129668754,2.956622973617608e-6,7.424878231720901e-4
ADGRF1,protein_coding,-5.281179118624504,3.092743724916619,110.73858059768048,2.971229240748897e-6,7.424878231720901e-4
GJB2,protein_coding,-3.607330725772997,3.546533536142099,107.4799106789505,3.0088764282266903e-6,7.438966828934924e-4
LSR,protein_coding,-5.066613846993286,6.008255948911921,109.29088660506369,3.134840497682926e-6,7.668809806963285e-4
ARTN,protein_coding,-4.309026053757742,4.113269911339564,108.79151937990244,3.193833034310574e-6,7.731737470560181e-4
MACC1,protein_coding,-5.82425928254797,3.1022799265855476,108.41132387108368,3.239664202589064e-6,7.761834646203077e-4
TPD52L1,protein_coding,-3.439210771494467,4.758894378755937,106.60534588023926,3.3305954230161635e-6,7.898269146009759e-4
SRGAP3,protein_coding,-3.3922424829695874,3.9131170096571934,103.82906932823447,3.468742731322687e-6,8.142785967266591e-4
TTC22,protein_coding,-5.525337489151418,1.966260416989838,105.8833259614735,3.5230658979480836e-6,8.175979821509715e-4
ITGB6,protein_coding,-4.191664987728904,4.18646224559586,105.97582833545928,3.5532442425666145e-6,8.175979821509715e-4
MAP7,protein_coding,-6.271322731644875,5.536640483248624,105.54570389023196,3.61243922615577e-6,8.230694864300009e-4
STON2,protein_coding,-4.192058216523196,4.6940067342996885,104.83550854114141,3.712855809229331e-6,8.234743079636034e-4
SLC22A17,protein_coding,3.1740386131650467,4.002189618484636,102.08035017462954,3.719432091513695e-6,8.234743079636034e-4
TNS4,protein_coding,-6.631908523621771,8.910723119517124,104.78229995451842,3.7205164516427865e-6,8.234743079636034e-4
ITGA2,protein_coding,-2.867914352605987,6.142267187605693,102.01039750845162,3.777341073934257e-6,8.281642128135107e-4
DSC2,protein_coding,-2.8220368747071634,4.283089074470039,100.68317604019718,3.935838704587771e-6,8.548494532207457e-4
TMC4,protein_coding,-3.610351632925362,3.5223869321392725,100.39257016603821,3.98277228568353e-6,8.570335918452336e-4
TRAF3IP3,protein_coding,-4.92459872667367,2.099524626710203,101.36155385618108,4.039395101332952e-6,8.612435060089708e-4
IL1RN,protein_coding,-6.218275578032308,1.7916984232702147,102.35011986889846,4.092406719963327e-6,8.646139288358883e-4
DSC3,protein_coding,-3.430571710340546,6.711993980109812,102.02148641761276,4.14609595049917e-6,8.680654945009072e-4
LAMC2,protein_coding,-4.6883109972032075,10.911328304019374,100.79779460957995,4.3537839092364405e-6,8.882897936395464e-4
KLK5,protein_coding,-7.153957803691362,5.896643293417973,100.63017027921074,4.383220093545162e-6,8.882897936395464e-4
IFNLR1,protein_coding,-3.0184399341121737,3.886028323732148,98.03542679040692,4.389961918804528e-6,8.882897936395464e-4
SPRR1B,protein_coding,-14.781122526658173,4.596883443277176,175.16601748989873,4.575944618922532e-6,9.095521064672858e-4
MARVELD2,protein_coding,-2.9415986058252184,4.924400891599965,97.03014251880185,4.579070415519468e-6,9.095521064672858e-4
GRHL3,protein_coding,-3.448143946585407,2.9647084871776435,96.52073547391885,4.678708114049308e-6,9.214675980551347e-4
ANO1,protein_coding,-5.114321926240712,4.475028662623326,98.4861498882168,4.782203856419023e-6,9.33936282547715e-4
KRT18,protein_coding,-2.8307631212258846,7.893805084630158,95.66048597226923,4.884356246903208e-6,9.422221038216816e-4
GRAMD2A,protein_coding,-3.914253431876337,3.943121907358815,97.86664167742335,4.905717494080183e-6,9.422221038216816e-4
PCYT1B,protein_coding,-3.9522263734449035,3.9237325016040736,96.96961884716599,5.09159086237497e-6,9.633449847905814e-4
ITGA6,protein_coding,-2.959551425329483,7.902257106202596,95.33260853494775,5.16830130493664e-6,9.633449847905814e-4
LRATD2,protein_coding,-3.924389502800464,5.267032074494124,96.60841537517257,5.168875589285375e-6,9.633449847905814e-4
IL18,protein_coding,-4.140974037197397,4.088142046291149,96.55003134808369,5.18150271509564e-6,9.633449847905814e-4
SOX15,protein_coding,-5.161957815746446,6.187058259477168,95.2430791380818,5.474355006772688e-6,0.0010097143679158515
CRYBG2,protein_coding,-3.911677953502685,3.806115844525416,94.10337365725476,5.746497158175661e-6,0.0010469367399346537
SLC7A8,protein_coding,-4.690277980888932,4.6510536119556125,94.0231986794288,5.7662608739946505e-6,0.0010469367399346537
GSDMA,protein_coding,-5.432293962825838,3.104393544809978,93.80005180700229,5.821709772875781e-6,0.0010488103497801019
KRTCAP3,protein_coding,-3.894550309362378,2.8798641211955367,91.80639989392101,5.873619633183323e-6,0.001050022463655234
PROM2,protein_coding,-3.276517633927935,5.8185971711806515,93.23332817913709,5.965506721459214e-6,0.0010583082153184133
DENND1C,protein_coding,-5.618270101043918,2.0718618060162735,92.25840099375077,6.22324227929746e-6,0.0010956678073550982
BAIAP2L1,protein_coding,-2.6583852008985382,5.9301302655339105,89.49494199708353,6.375796173976119e-6,0.0011140372708253249
SH3RF2,protein_coding,-4.218350524090152,5.400004060571473,91.53471326963134,6.423450700972183e-6,0.0011140372708253249
GJB5,protein_coding,-6.979346739898348,4.9534537928368945,91.0545488134397,6.5606670383719514e-6,0.0011232669638606312
ALS2CL,protein_coding,-4.8394190338314615,5.663415698926424,91.01084251346568,6.573335072506276e-6,0.0011232669638606312
CCND2,protein_coding,-4.0767899104882614,8.372782174085492,90.71406560736787,6.660154229742477e-6,0.0011297955058336873
MPZL2,protein_coding,-5.825962064657774,5.273046125041657,90.20306740069957,6.8129701625045155e-6,0.0011473436708449635
BCAM,protein_coding,-2.615537351054181,6.835708281820538,86.49868959610185,7.446863516374312e-6,0.0012450727202916476
ARHGEF3,protein_coding,-3.528600014149935,5.6506504473216514,87.4223236241679,7.724442262747503e-6,0.0012822574156160854
NECTIN1,protein_coding,-2.5596438601027494,7.437189528031065,84.88127925981838,7.902076334131419e-6,0.0013024415177674763
DSP,protein_coding,-3.0834144598957427,9.15782195262266,85.60847908424572,8.19220942262416e-6,0.0013334312450176539
SLC6A11,protein_coding,-6.2107575653176506,4.237865864058529,86.11431152719386,8.204848022268697e-6,0.0013334312450176539
ST6GALNAC2,protein_coding,-4.751004425419842,2.77727729158536,85.92329840370093,8.278041918165022e-6,0.0013359839873482995
ITGA4,protein_coding,3.8248069441103247,3.885047696615806,85.10988083155694,8.5988676997959e-6,0.0013619354736881322
MTARC1,protein_coding,-3.1697470141318003,2.7140248123516164,82.99834989960533,8.640509813059878e-6,0.0013619354736881322
HS3ST1,protein_coding,-5.488998521642768,2.2406072704637503,84.83965257403707,8.708820423889551e-6,0.0013619354736881322
MBP,protein_coding,-2.734673626047762,4.815730083078436,82.84525197232634,8.716806320331761e-6,0.0013619354736881322
WNT7A,protein_coding,-8.44738613265438,3.270446109408076,84.78356431413253,8.73185824352546e-6,0.0013619354736881322
CRCT1,protein_coding,-9.060387799606934,0.8056763555892766,83.97660821013196,9.071751765243808e-6,0.0013876593074003394
BCL11B,protein_coding,-5.508846002735543,2.7164843199697724,83.8612341540615,9.121667202300202e-6,0.0013876593074003394
COBLL1,protein_coding,-3.2441726472900094,3.9346948503803776,82.75319726271042,9.150474154628496e-6,0.0013876593074003394
RTKN,protein_coding,-2.5214743782754314,5.861547076514312,81.65192282531356,9.242335436322577e-6,0.0013876593074003394
TRPC4,protein_coding,5.083218372370864,2.2481747845695015,83.45072248793969,9.302031116876694e-6,0.0013876593074003394
S100A8,protein_coding,-9.247361877943485,3.34803152139629,83.43239372232755,9.310185880266236e-6,0.0013876593074003394
SIRPB2,protein_coding,-5.114537007909372,0.82545921280873,81.49401689624317,9.314752665854258e-6,0.0013876593074003394
PRSS8,protein_coding,-5.564923269280188,4.882450175909473,83.038469409392,9.487592398742612e-6,0.0013979614273992907
ELMO3,protein_coding,-4.13060281338999,4.340531205330771,82.75725071069682,9.616787803998104e-6,0.0013979614273992907
LARGE2,protein_coding,-3.515290714258125,4.992780144403996,82.67872004374686,9.653251434983569e-6,0.0013979614273992907
FBN1,protein_coding,3.2621783587391064,8.2016353736,82.55127446591588,9.712789860894853e-6,0.0013979614273992907
DTX4,protein_coding,-3.1869552881170997,4.180610008588293,81.84815721982241,9.738903519795284e-6,0.0013979614273992907
RHOD,protein_coding,-2.4722772299896656,6.3915762406218155,80.65745677207974,9.744825784797122e-6,0.0013979614273992907
AC055839.2,protein_coding,4.346801721241908,2.1119539690850613,81.61011429604464,9.88200089435364e-6,0.0014089429495998686
MOB3B,protein_coding,-5.229223014724409,5.086519411544211,81.56949325694961,1.018691081168312e-5,0.0014376617470462471
STAC,protein_coding,-3.8239983290235218,2.7938497642503557,80.46700255348485,1.0382336548290943e-5,0.0014469474945148855
LYPD3,protein_coding,-3.792367781756944,4.495243883772792,81.11737854757874,1.0414798312578422e-5,0.0014469474945148855
COL5A2,protein_coding,3.287035226900331,7.661871448370105,80.434797714464,1.0770852467137384e-5,0.0014789005862630364
SYK,protein_coding,-7.060176195579891,3.893792712712408,80.34627104148339,1.0818119606915498e-5,0.0014789005862630364
PI3,protein_coding,-7.295009300306024,3.2813876185214004,80.10020901243243,1.095084560059355e-5,0.0014882903611566905
EPGN,protein_coding,-3.4874353549772383,4.288439033469601,79.42678925447296,1.1324460736681699e-5,0.0015301189972121087
IL1B,protein_coding,-6.069813389957615,6.145875123598617,78.84621137712519,1.1659215031909586e-5,0.0015662436840553685
TRAF3IP2,protein_coding,-2.150937200801227,5.708570815648641,76.74598253741709,1.184228323102058e-5,0.0015775348989405112
CRB3,protein_coding,-6.384268479419293,2.3561432125174115,78.47601371975773,1.1879027853467704e-5,0.0015775348989405112
DCHS1,protein_coding,3.2416524143579255,2.7029247720423104,76.41254044890567,1.2050847147055531e-5,0.0015912595891907416
IGSF9,protein_coding,-2.650724604318568,4.046170831214666,76.26243169854129,1.214620740086222e-5,0.0015928792410480881
ADTRP,protein_coding,-3.0074528302363017,3.5231859596955566,75.99619959618747,1.23176243949549e-5,0.0015928792410480881
COL1A2,protein_coding,5.8863707989536875,7.41014329619511,77.56145025151294,1.2444302807939394e-5,0.0015928792410480881
NES,protein_coding,3.846667013827124,3.1639019318304236,77.55564021158258,1.2447998339334703e-5,0.0015928792410480881
NTF4,protein_coding,-4.085120588415397,0.9707609653386363,75.78762814027117,1.2453991502892402e-5,0.0015928792410480881
TINAGL1,protein_coding,-3.3216521105520322,6.609687743701594,77.51426340915599,1.2474355502183822e-5,0.0015928792410480881
EFEMP2,protein_coding,2.4313070014699028,5.022379283443956,75.61283518146455,1.2569701729385277e-5,0.001596283432737234
SHOX2,protein_coding,3.3989886377927494,2.4655024009245574,75.12060939631118,1.2902703407607202e-5,0.0016296675390912573
FXYD3,protein_coding,-7.024358628577632,1.2162023385358773,76.64487372294856,1.3044365258064123e-5,0.0016303499217994195
SDC1,protein_coding,-2.407161972405367,8.733846971044672,74.91010560526124,1.3048411594435973e-5,0.0016303499217994195
PLEKHG5,protein_coding,-2.194500038903531,5.539666562090766,74.74191567589524,1.3166282710259234e-5,0.0016362802683766021
PROSER2,protein_coding,-2.9817600229954198,5.155353633739875,76.26863911323885,1.3300947097388742e-5,0.0016442234603367785
NR2F1,protein_coding,6.262170899296282,4.85766911176882,75.8539219332213,1.3591001268052059e-5,0.001671189785553068
KRT6C,protein_coding,-7.220803508806273,5.110334000712447,75.71986478627633,1.3686420561185756e-5,0.0016740653360102999
DDR1,protein_coding,-2.3261569600931384,7.115308795205886,73.42248225717289,1.413775154204253e-5,0.0017129951482258063
XDH,protein_coding,-2.8122455570260305,4.587474196408144,74.14057967628915,1.4229261605947234e-5,0.0017129951482258063
PRKD1,protein_coding,3.7483811400490983,2.3828350776381564,73.90930308956341,1.4249005612986974e-5,0.0017129951482258063
PTPRS,protein_coding,2.700068926722544,5.8359578881187195,74.86590197874085,1.4299529206360001e-5,0.0017129951482258063
ANXA8,protein_coding,-4.452285832764827,6.335151293643686,73.90266975832675,1.5064862875051033e-5,0.0017954226318778771
MMP28,protein_coding,-3.7367457712107357,2.987040472208488,73.7467033710439,1.5190959303811638e-5,0.0018012137460233799
ENTPD2,protein_coding,-4.662904986447413,3.6423992633334037,73.06505344328873,1.575753127699804e-5,0.0018589087658753018
PAX9,protein_coding,-4.856397454935298,0.8820092232194857,71.8295134148175,1.596795891428169e-5,0.0018648008299894797
KLF5,protein_coding,-4.164359101439849,6.623635507844632,72.01085967855074,1.6685863301419003e-5,0.0019388973156248882
SEMA4A,protein_coding,-3.283944644058631,2.88840287854453,70.50960129177585,1.6844432465747654e-5,0.00194758512688545
PTPRZ1,protein_coding,-4.796120295848133,3.9287702191586837,71.08435477702784,1.755782561551058e-5,0.0020100683118446593
SPINK6,protein_coding,-8.571195863238703,1.0996467003137824,70.78836499628252,1.7848135920534294e-5,0.0020332876411432205
FLRT3,protein_coding,-3.8524281138156944,4.653479286814755,70.59318574331053,1.8042802049715472e-5,0.002041639134700869
PIANP,protein_coding,3.8427020349948022,1.9994592317577942,69.56900821007828,1.8123080680320137e-5,0.002041639134700869
LRP1,protein_coding,2.2295178914401736,7.820630662812375,68.75037756188262,1.836714754718441e-5,0.002041639134700869
IL1A,protein_coding,-6.3118194208163105,5.850742457423587,70.14170006038454,1.850319820097675e-5,0.002041639134700869
HS3ST2,protein_coding,-5.735344460953983,2.145947748096078,70.13965201442699,1.8505319360868097e-5,0.002041639134700869
PATJ,protein_coding,-2.6131354164873346,5.201177397443276,69.701637931881,1.8535001368095197e-5,0.002041639134700869
PHACTR3,protein_coding,-5.880845899019859,2.850226981029221,70.06592844671965,1.858187426546966e-5,0.002041639134700869
METRNL,protein_coding,2.2811758959668205,4.038216310931497,68.47701733415086,1.8659711110348268e-5,0.002041639134700869
ARHGEF16,protein_coding,-2.8792211294059924,4.147198252090384,69.0849899121539,1.901471536720811e-5,0.002057444181361734
RNASE7,protein_coding,-4.561729272068578,2.8776449585118846,69.63799414759818,1.9034014586608127e-5,0.002057444181361734
GSDMC,protein_coding,-5.405153254101103,2.8388958645093596,69.4366356186826,1.9251439017623307e-5,0.0020713122350442853
RNF150,protein_coding,6.096312706652532,3.3825717478317046,69.2129132318359,1.9496604044910558e-5,0.0020880234009388082
IL4R,protein_coding,-2.171010701599762,6.615613068707848,67.3927607230053,1.9877937839141117e-5,0.0021055697358807546
CASZ1,protein_coding,-2.8158341861984004,2.929916046474178,67.30352257135183,1.9982485479149594e-5,0.0021055697358807546
CPT1C,protein_coding,2.699691656598819,3.8184293189550025,67.2878382720919,2.0000930140803096e-5,0.0021055697358807546
DLL1,protein_coding,-3.524364223389143,3.4664744405031946,68.74416687760399,2.0022844734494267e-5,0.0021055697358807546
HEPHL1,protein_coding,-4.572130148523819,4.376973234582551,68.56844235981107,2.022461397157957e-5,0.002113369820719403
PITPNC1,protein_coding,-3.4602073408038656,5.369484657933538,68.52153750039048,2.027889285802181e-5,0.002113369820719403
JPH1,protein_coding,-4.619972636667148,2.7880443939098263,68.30268444393376,2.0534532377602896e-5,0.002123509883035907
FSCN1,protein_coding,-2.139030156480315,8.772810462361127,66.82155523163667,2.0558938196345915e-5,0.002123509883035907
EFNA1,protein_coding,-2.5367024843176713,3.9361212424892904,66.11941646133633,2.1435690223764205e-5,0.002194561413217093
CPXM1,protein_coding,4.364057965520152,1.985316640618828,67.3859023060716,2.1649456934346946e-5,0.002206725347167645
CFAP251,protein_coding,-2.756965149975428,5.2098539805696795,67.07761296023756,2.2041013970944516e-5,0.0022368260466582995
CKMT1A,protein_coding,-4.427327965946225,3.889028054456498,66.86847722198796,2.2311599271715524e-5,0.0022544415959768207
ADGRF4,protein_coding,-3.7648393382026057,1.8883113892754182,65.52584611790628,2.293408055158687e-5,0.002299488949139928
MAP3K21,protein_coding,-2.188356432088086,4.4449446288015695,64.96043679245925,2.298554113627057e-5,0.002299488949139928
PRKCQ,protein_coding,-3.075184623372844,2.4196472018750104,64.91128465993565,2.3054256675972597e-5,0.002299488949139928
FAM160A1,protein_coding,-2.7394208068315247,4.8979189293672345,66.1980263410689,2.3207022748952773e-5,0.0023048342251524036
FRK,protein_coding,-3.124270312939457,2.2789878496347677,64.66926934457729,2.339629529288673e-5,0.0023080532455452543
AUTS2,protein_coding,-3.993200859539541,3.304188274389201,66.0301843277496,2.343806221810155e-5,0.0023080532455452543
RNF43,protein_coding,-5.530073365934531,2.073447153132208,65.81688974039639,2.373576328300585e-5,0.0023275069143335694
MST1R,protein_coding,-2.2619424042767915,5.511371752500693,64.39403356430253,2.3908432543455455e-5,0.002328229859456063
TWIST1,protein_coding,2.40232193271574,4.157714367398795,64.2909706402197,2.3943499845524916e-5,0.002328229859456063
MAPK13,protein_coding,-2.0473168098038377,5.3360654214764915,64.04213936019696,2.431199953311357e-5,0.0023542119547898307
EXPH5,protein_coding,-3.9311062116848587,3.3068279855719185,65.12855282514681,2.4728737303184937e-5,0.002365459229156284
BICDL1,protein_coding,-4.24659355793585,2.4100374817366554,65.12533205782529,2.473350226699557e-5,0.002365459229156284
ST6GALNAC5,protein_coding,-4.913376539296182,1.0525085078661904,64.60027474206501,2.5525622447923032e-5,0.002431210924957915
COL6A3,protein_coding,4.871951410755298,6.0867990497840365,63.90247233689333,2.6627226467991832e-5,0.0025257826249637967
MDFI,protein_coding,-2.4183113696885292,6.03887936269788,63.610431314983806,2.685801559774298e-5,0.002537318221510353
SLC37A2,protein_coding,-2.400595069982732,5.870998423239728,63.20810617185885,2.7242111436916384e-5,0.002563184897951161
PRRG4,protein_coding,-3.7368968481186235,3.2256207560204726,63.37843030609129,2.749312874117528e-5,0.0025763722255843285
FLNC,protein_coding,3.0142338856954023,7.004948722713988,63.23023287027817,2.774425840874883e-5,0.0025857896743323346
NHS,protein_coding,-3.015915309770686,3.991872996667781,63.188109046065485,2.781615398378157e-5,0.0025857896743323346
SCN8A,protein_coding,3.046590366684104,3.8442460472441495,63.07807619737616,2.800503789480586e-5,0.002592976417033021
SUSD5,protein_coding,3.3006076332177403,3.6425377812526927,62.781026870927846,2.8522888194577534e-5,0.002612575660831072
GNA15,protein_coding,-2.22051624095063,6.176734676606091,61.94086213133457,2.854884717535246e-5,0.002612575660831072
TSPAN18,protein_coding,-5.577197587117544,3.123704292600515,62.743749265340824,2.8588703168752237e-5,0.002612575660831072
PALM,protein_coding,5.086281935235844,2.3993622790004983,62.69988564511174,2.866638526299154e-5,0.002612575660831072
CLDN4,protein_coding,-3.1171809393748897,2.7541377047383806,61.59742938064773,2.885790085598294e-5,0.0026197563120822012
TMEM59L,protein_coding,4.068074540365942,1.4398884438360204,62.04819346393876,2.9061379142261882e-5,0.0026211985243532773
MAP7D2,protein_coding,-3.0593291473394877,3.9237460370710697,62.34961094280128,2.929612155038766e-5,0.0026287330688455953
PCDHAC2,protein_coding,-4.357604154095275,1.6292982949813337,62.26818768902902,2.9444935798065148e-5,0.0026319242613347463
GPAT3,protein_coding,-3.3670202700204976,2.3872515379120003,61.34522644158434,2.9758950334592076e-5,0.0026396870449462593
PAPSS2,protein_coding,2.1648192231422145,4.299570053938827,60.671148208112214,3.0061762137469175e-5,0.002656408182793854
CALML3,protein_coding,-6.448368046262536,5.30894621985086,61.77592582628418,3.036469072155498e-5,0.0026730129256399156
C3,protein_coding,-2.18178684817649,8.098270743227847,60.22595942829635,3.097497475486672e-5,0.0027095965767012925
PTHLH,protein_coding,-4.743526631371943,5.424551829639315,61.43959696985487,3.101345479356901e-5,0.0027095965767012925
S100A9,protein_coding,-9.437643654896148,5.100683827308428,61.366918402890086,3.115588062523243e-5,0.0027118451900015046
CLMN,protein_coding,-1.9110053185460942,4.864165213886694,60.008636979736806,3.138094131017403e-5,0.002721242821076285
RCN3,protein_coding,3.8409733425349124,3.3423792625200375,61.0619731257262,3.176230959831688e-5,0.0027440746284939934
TMEM139,protein_coding,-2.6129338256567687,2.172694531043709,59.63804269699505,3.214983933150304e-5,0.002767267652089373
LOXL4,protein_coding,4.0960449035220465,2.055483394028038,60.336463287399454,3.326446326644034e-5,0.002852642532516876
ADGRB2,protein_coding,2.244438532037116,4.4768934677028724,58.8539517648793,3.385424389530111e-5,0.0028925464269367565
EDN1,protein_coding,-3.386384745520293,2.914654870793096,59.97288752915475,3.4050072977401534e-5,0.0028986215970505922
SLC2A9,protein_coding,-2.617042193252998,3.779689810072805,58.581793900539964,3.495416267808215e-5,0.0029647253307979165
IL1R2,protein_coding,-4.841171034825654,2.482623298872328,59.431562702147396,3.526249530212487e-5,0.002972954334606218
SORL1,protein_coding,-3.439365282131206,5.580410087521353,59.412115645945924,3.530703082406696e-5,0.002972954334606218
THRB,protein_coding,-5.245599334272697,2.3868873135295097,58.96830850435187,3.6342446715344984e-5,0.00304909191936685
CDS1,protein_coding,-3.542394317255589,3.465030123274377,58.890480107597895,3.652785104806761e-5,0.003049790060650962
FRMD4B,protein_coding,-4.1421190599611135,4.690501211354377,58.80889226506866,3.672346131942021e-5,0.003049790060650962
ASRGL1,protein_coding,2.697082860810426,1.9315118928172494,57.62909483195909,3.674445856205978e-5,0.003049790060650962
PTGER2,protein_coding,4.1904997624309495,2.637739495874278,58.71006501373157,3.696213167114992e-5,0.0030569392883897655
DAPP1,protein_coding,-8.396923119303667,3.6827423725705706,58.36823431042761,3.780250483259719e-5,0.0031066978046532783
PKN1,protein_coding,1.989442303341026,6.520701016349294,57.19878669671418,3.7831130753738285e-5,0.0031066978046532783
LHX1,protein_coding,-6.146273374576599,1.3509778180810652,57.584391075967396,3.9819992594675344e-5,0.003235026177145859
PPP1R14C,protein_coding,-5.139785734731936,4.119632024888776,57.52098317350677,3.998891615120139e-5,0.003235026177145859
SCARF2,protein_coding,2.5535624875326577,4.0633948353982285,56.75044348721574,4.02974144168358e-5,0.003235026177145859
VASN,protein_coding,1.9190862859335478,5.079697780302752,56.254802439878894,4.0356401424364796e-5,0.003235026177145859
CBSL,protein_coding,2.3353643522606826,3.606895077221015,56.20854942119932,4.048536521787154e-5,0.003235026177145859
EDARADD,protein_coding,-2.6741688653122493,2.6362420732010983,56.12873913370218,4.0709084762213056e-5,0.003235026177145859
ARHGEF5,protein_coding,-2.6785342717461926,5.678609769158331,57.23554919361736,4.076033410493499e-5,0.003235026177145859
KIF5C,protein_coding,4.651931027549028,4.118523768608432,57.02371092376737,4.1344703174292566e-5,0.0032682003461583647
FAM83H,protein_coding,-2.3316447085086636,7.338492299547098,56.68465692635602,4.230160231363376e-5,0.003315535924922937
HAS3,protein_coding,-5.495362859460661,5.967420026705627,56.6624152762795,4.236532085430653e-5,0.003315535924922937
GOLGA7B,protein_coding,-4.223411710540665,1.803711246341619,56.640977156735666,4.2426849138401625e-5,0.003315535924922937
TUBB2B,protein_coding,2.9612766315183148,3.1801601716105927,55.91332848985133,4.36922282883668e-5,0.0033851343203575362
FAM20C,protein_coding,4.2529914469788475,6.164184993133938,56.2064594237397,4.369794733680124e-5,0.0033851343203575362
GFRA1,protein_coding,9.23400268224431,3.9574243539262186,56.08789836444133,4.4052875707461235e-5,0.003391939468021988
AFAP1L2,protein_coding,-2.493815037459136,5.881414118731051,56.0796503833966,4.4077698766895026e-5,0.003391939468021988
PCDH10,protein_coding,3.2408293399065995,1.4728852873967024,54.764308009535284,4.4779076407143544e-5,0.003434540381854838
N4BP3,protein_coding,-4.793972978913221,1.6183083529563356,55.657418119918006,4.537174268017212e-5,0.003468550328576316
MYRF,protein_coding,2.424436253187203,3.618557693425747,54.32153742037824,4.6206027528791005e-5,0.0035186669455755065
BIK,protein_coding,-3.473983166140215,1.0117308439702588,54.28382547258583,4.6330124154307446e-5,0.0035186669455755065
CNTN1,protein_coding,-6.2927264359947355,3.6043280090265806,55.157540458214726,4.6964704148689924e-5,0.0035485882360253877
ITGA7,protein_coding,5.199690886686272,5.044653049571077,55.137655301079356,4.70294826461196e-5,0.0035485882360253877
CCDC80,protein_coding,3.0320831687548377,8.006409909981697,55.079625626184566,4.721915096052948e-5,0.0035513691531479127
HSH2D,protein_coding,-4.0638343752625214,0.6833015146238537,53.869973613797306,4.835305504641588e-5,0.003624919352511952
ATP2A3,protein_coding,3.848872344656484,1.6183032627552516,54.51691727721941,4.910801389168732e-5,0.0036696792374366987
GM2A,protein_coding,-2.0188535135031955,6.889223719635319,53.52724938582386,4.97445415289786e-5,0.0037053305933764827
ZNF165,protein_coding,-2.9024047994628788,2.3620711709751325,53.23592195941488,4.994784364247456e-5,0.0037085874960099316
ESRP2,protein_coding,-3.0132463303521004,5.846550288479172,54.07757780860888,5.06476606462465e-5,0.0037376596773071
EVPL,protein_coding,-2.936435930841956,3.355583297281281,54.07382948235681,5.0661049843017925e-5,0.0037376596773071
RAB19,protein_coding,-3.888692838438174,0.19231892433016703,52.679279051614465,5.201046013195443e-5,0.003803731607242767
PCDHGB2,protein_coding,2.8139253859830387,1.9084112482737388,52.66725212617551,5.2056166624058495e-5,0.003803731607242767
GRHL2,protein_coding,-6.8973639070084785,4.952164163779915,53.65676561059021,5.2178394572771755e-5,0.003803731607242767
IGSF3,protein_coding,-2.453803706826812,5.805765634206978,53.62485043924128,5.2296793626603476e-5,0.003803731607242767
OLFML2B,protein_coding,3.964152714828007,0.9561725636283472,53.05570951631462,5.2784390817866637e-5,0.003819172838532572
WNT5B,protein_coding,3.015866498114288,6.57450725617791,53.45930832888228,5.291625017243925e-5,0.003819172838532572
CSF3,protein_coding,-2.764900655140299,6.071103076755279,53.25262282584233,5.370238101340784e-5,0.003863911253100923
DOCK10,protein_coding,4.010472520307414,5.342302054315282,53.03927473238631,5.4528969335822523e-5,0.0039112754548287516
TGM1,protein_coding,-3.7436523928246794,3.411550002982095,52.76709524092948,5.560632786004163e-5,0.0039762801829765155
AMPD3,protein_coding,-2.098671159755152,4.222613507548634,51.70651272777486,5.5871971962314576e-5,0.003983020332528193
CSTA,protein_coding,-3.9787248121145793,5.438459444448606,52.64325386878831,5.610518197507748e-5,0.0039874141562715616
BRSK1,protein_coding,2.6486980568463663,2.5726162214364448,51.526916002418545,5.662288376650949e-5,0.004001342701215543
PLAAT3,protein_coding,3.228246805544185,4.292490957705007,52.51063378919689,5.6645514143714e-5,0.004001342701215543
ADGRA2,protein_coding,3.9660517651375957,3.96859354438122,52.3672968527079,5.723672318482948e-5,0.004005553237613163
EFNB1,protein_coding,-2.196958853825677,7.038624965795301,52.32526451955759,5.7411527060482636e-5,0.004005553237613163
TMEM154,protein_coding,-2.2446313230604806,5.757217459730773,52.31207927779206,5.746649699106161e-5,0.004005553237613163
F3,protein_coding,-2.727731780998247,8.623981432680397,52.298262892064884,5.7524167643028894e-5,0.004005553237613163
PLCH2,protein_coding,-3.247754277249713,4.751863834911274,52.28803605205665,5.756690109134236e-5,0.004005553237613163
TINCR,protein_coding,-3.5535125184061664,1.739732607022734,51.9583183402041,5.824882255274587e-5,0.004034644086538455
TNFAIP3,protein_coding,-2.668703653230391,6.8499317762179714,52.09560712324534,5.837830183528592e-5,0.004034644086538455
FGD6,protein_coding,-1.8625083314643196,5.216307835538441,51.089130582230766,5.850581140978741e-5,0.004034644086538455
ENPP2,protein_coding,3.1149966524477617,3.950493145790262,52.01079008318748,5.8740405863779796e-5,0.004038837373592434
COL3A1,protein_coding,5.2047896347459375,6.547698485411061,51.91243782618035,5.916375933572954e-5,0.004055946215228185
RAB39B,protein_coding,3.5663700027071306,0.768838132278071,50.802631220677064,5.97797047595754e-5,0.004086118642978036
ARHGEF4,protein_coding,-2.681211324424825,4.965262704959,51.335429828117704,6.17244712388159e-5,0.004190569976527526
ALOX15B,protein_coding,-4.355131997188104,4.745477039481637,51.29804585741151,6.189503363998559e-5,0.004190569976527526
CTSC,protein_coding,-1.8466040008863458,8.626006787598316,50.282655995655745,6.217980551115663e-5,0.004190569976527526
KRT8,protein_coding,-2.589020910884791,8.827423245626262,51.22947185550043,6.220940799922533e-5,0.004190569976527526
CNKSR1,protein_coding,-2.0451423139943317,4.549995065931443,50.156108355310465,6.278170495657621e-5,0.004216898332921477
CYGB,protein_coding,-4.265149253683422,4.991766021267578,50.81597366399898,6.414725595897214e-5,0.004279712161283362
LRATD1,protein_coding,-2.771172254886824,3.485721940114236,50.78482028593526,6.424476178516937e-5,0.004279712161283362
KLF9,protein_coding,2.3524208086750185,5.26651348584103,50.790438200487095,6.426934355799885e-5,0.004279712161283362
AP3B2,protein_coding,-2.474656358820253,2.9648640765988667,49.65575822704394,6.523263701185603e-5,0.004331447097587241
UPK1B,protein_coding,-6.147446028150025,2.5754392439530704,50.5075825632898,6.564100296877126e-5,0.0043461450398696415
VAT1L,protein_coding,4.320584466389425,0.7715985441162907,50.428600973328145,6.603042271436778e-5,0.0043595085905736
PKDCC,protein_coding,4.577707357143503,1.9875822446780302,50.35187911713032,6.641142417565078e-5,0.004372242203518765
CYP1A1,protein_coding,-3.765644374697462,2.214922377692175,50.179333303751065,6.727821182337584e-5,0.004416795601060041
CHST2,protein_coding,2.3331074781194028,4.522131303297444,49.887002516450266,6.750068047558753e-5,0.0044189177866271944
GALNT16,protein_coding,4.0891193915872845,2.0729887973803414,49.85115649453851,6.896554087339115e-5,0.004489521484307031
AQP3,protein_coding,-2.315623654025138,3.26540385772094,48.797356622225664,6.971701322301484e-5,0.004513527715034718
ALOXE3,protein_coding,-2.520959733053649,2.69695080581366,48.52798709361109,7.120160940504915e-5,0.004576473570910373
CXXC5,protein_coding,2.2230817227972985,4.739805708239557,49.02399635283873,7.155694835271719e-5,0.004576473570910373
ADGRG1,protein_coding,-2.490304688348586,6.220103448505867,49.35652647539136,7.160819117626753e-5,0.004576473570910373
SETBP1,protein_coding,-3.515096387062566,3.6757576436807384,49.343453999185265,7.167970653233114e-5,0.004576473570910373
APOL1,protein_coding,2.0961799019412006,4.661135072574515,48.43390839662478,7.20402668576712e-5,0.004579568184739618
DSG3,protein_coding,-5.327250723623197,5.76361527759132,49.26290866826419,7.21222872467599e-5,0.004579568184739618
PRSS16,protein_coding,-2.3594935054088815,2.2639126476367326,48.260372680281726,7.271510868371564e-5,0.0046046297705982335
ABCA3,protein_coding,3.834361955481431,3.1749581216844724,49.06436463215982,7.322768100531133e-5,0.004607742813018826
FAM110A,protein_coding,-1.7991310777894236,4.325044884971387,48.145280586245555,7.337813499624376e-5,0.004607742813018826
PDGFRB,protein_coding,3.9221496329616237,4.613798144615936,49.005865694837226,7.355734008734872e-5,0.004607742813018826
ZFYVE28,protein_coding,3.0503954654650935,2.038478180488403,48.363551718981675,7.403004313705524e-5,0.004622975769107549
SERPINA5,protein_coding,3.5793580216116183,2.2612341012744563,48.893031781668775,7.419836324772443e-5,0.004622975769107549
ARID3B,protein_coding,-2.031459129765741,4.26275857016132,47.91668138811832,7.471718693216949e-5,0.004641688523478207
UGDH,protein_coding,1.7210188001736102,5.572029291295361,47.88617209512606,7.489815818865437e-5,0.004641688523478207
MEDAG,protein_coding,3.5818999944664505,1.2136406330352776,48.339996320727835,7.545839565542367e-5,0.004663971050617144
SYTL1,protein_coding,-2.6597137168271328,3.814351941014726,48.632488156105545,7.570498491154462e-5,0.004666800661390708
CRISPLD2,protein_coding,3.375896080749434,4.236420821533639,48.585115854370606,7.598294817870593e-5,0.0046715442213574754
COL4A1,protein_coding,2.110631401159101,8.690829656057728,48.03541217516633,7.661086376680781e-5,0.00469772156712563
CXADR,protein_coding,-2.5743699115292507,2.7578023379747,47.51967710134081,7.711467514021767e-5,0.004716171184891206
JAM2,protein_coding,3.8498063619193914,2.50969987978881,48.222249729717184,7.81542708631193e-5,0.0047672053933304264
FOLR3,protein_coding,-4.896421982571042,1.7694006822099664,48.122084163012765,7.876703341581517e-5,0.004791334109376829
MTSS1,protein_coding,-3.269792272982616,5.323946513519128,48.09038610510792,7.896217572682123e-5,0.004791334109376829
PDLIM3,protein_coding,2.951133351807185,1.1698312371513833,47.158295545725416,7.937955218092802e-5,0.004804116647616581
IL20RB,protein_coding,-2.6438544626844904,4.741461349319174,47.771373502269455,8.095958966097686e-5,0.004887015230444422
LOX,protein_coding,2.7797673724425316,4.993331878538131,47.716270979858,8.131086490025143e-5,0.004895503886740526
KCNK1,protein_coding,-3.4119282887237055,3.775018043981817,47.619961360618355,8.192934493956677e-5,0.004915779514694133
CTHRC1,protein_coding,5.071722866216381,2.314984483561902,47.59807914421539,8.207067348112408e-5,0.004915779514694133
PRSS23,protein_coding,2.0091595687331907,7.572086470288699,47.139968587144885,8.295551063334643e-5,0.004934031536744847
PTGES,protein_coding,-3.6301743794178902,5.923437000689674,47.4534548954883,8.30123206053027e-5,0.004934031536744847
EDIL3,protein_coding,5.061117828980257,1.3811386863406276,47.3603748177083,8.362539523758452e-5,0.004957791289085368
MYO1D,protein_coding,-2.8990135872449914,6.234769599805253,47.24489200526446,8.43937847023581e-5,0.0049889276586785785
NDRG1,protein_coding,-3.1436810426486552,8.956010234087998,47.21711078784574,8.457992674351806e-5,0.0049889276586785785
LYN,protein_coding,-1.952852960079233,5.221643300042302,46.455442906959405,8.503631955349546e-5,0.0050031495352486945
ELF3,protein_coding,-3.6322697985042467,2.177605735734014,47.11382344897353,8.527642400663413e-5,0.005004606297763074
RHOBTB3,protein_coding,2.700217412905691,4.369491709685254,47.00178719081992,8.60399095981352e-5,0.005036693952293858
SLFN11,protein_coding,1.6098787199492357,6.0433009124984025,46.074117959762305,8.668156577335489e-5,0.0050543624240435275
CNKSR2,protein_coding,-2.683440726396323,2.358444315820011,46.06073911158554,8.677670426821719e-5,0.0050543624240435275
NTN4,protein_coding,2.566101978109271,6.050201120404128,46.47405288628227,8.975135594693398e-5,0.005199897543649788
PLEKHH1,protein_coding,-2.064521394709134,3.7464700113516507,45.61092249548561,9.005126836886879e-5,0.005199897543649788
FAM131B,protein_coding,2.9052273462319813,1.4273146244302788,45.594945377672936,9.017034036535561e-5,0.005199897543649788
KLK10,protein_coding,-7.166786832264015,2.9984773488336,46.21917257262866,9.161431357452192e-5,0.00525964377482215
C8orf88,protein_coding,3.3342734441128266,1.6356766386883677,46.0221581850569,9.165902447517086e-5,0.00525964377482215
SUSD4,protein_coding,-3.3553283634664344,0.5710799383964552,45.1062463189291,9.390755782902433e-5,0.005375398137799323
FRAS1,protein_coding,-2.166086373813873,4.513304433056694,45.46007085521989,9.461092423164777e-5,0.005400961949873946
PLEKHG3,protein_coding,-2.2127643794443936,5.946154198484042,45.79530194539323,9.481895333685758e-5,0.005400961949873946
SULF2,protein_coding,-3.809816046146263,6.457591538795114,45.50723844674522,9.707570960712819e-5,0.005513337953935101
PLSCR4,protein_coding,2.573051002250965,1.7237080890203154,44.62090369151708,9.780887797552394e-5,0.005530604195015028
SPRR2A,protein_coding,-8.123810481447384,1.8336128423104225,45.23428429129262,9.927533582530261e-5,0.005599900011116585
RIMS2,protein_coding,-2.7681699559024975,2.343455557921457,44.210653239221756,1.0370303869206493e-4,0.005819982607938333
SYNE1,protein_coding,1.6526836814970687,4.94516219593859,43.86355233496889,1.0430213217566025e-4,0.005819982607938333
SSH3,protein_coding,-1.5520933551639533,5.766527060949872,43.86224797640443,1.043137637777187e-4,0.005819982607938333
ANKRD1,protein_coding,5.259353685071484,3.231482832004087,44.61830516589018,1.0446883267104475e-4,0.005819982607938333
MCTP2,protein_coding,-1.956216873635346,3.4938663635053144,43.805992592979315,1.0481693794087837e-4,0.005819982607938333
DSCAM,protein_coding,-6.2272306801556105,4.262868040711365,44.42557439877899,1.0616205482852389e-4,0.005871494345911819
ESPN,protein_coding,-3.5421223189131648,1.167390389645764,44.287277877751116,1.0661663571320084e-4,0.005871494345911819
LIMA1,protein_coding,-1.8267024324329557,8.09375434199351,43.47269136093416,1.0795734294097417e-4,0.005927125983192707
P3H2,protein_coding,-2.0510022807598824,5.975894565395381,44.18428641472621,1.0832971754641978e-4,0.005927125983192707
BLCAP,protein_coding,-1.6789477364007868,6.987012978650873,43.415611802651306,1.0839193385787007e-4,0.005927125983192707
NPR3,protein_coding,4.128251071650607,2.479078461672866,44.127596229226086,1.0884687924961263e-4,0.005938031628546943
DOK7,protein_coding,-3.960957728189668,1.5747016607865139,44.03603622215265,1.0968857201672192e-4,0.005969935395008472
MAP1A,protein_coding,2.4718208641884396,4.251476250326227,43.9900429004932,1.1011439917496876e-4,0.005979108964547369
KLF8,protein_coding,-4.307452189917428,2.2711928275269466,43.86812538172857,1.1125304307590995e-4,0.006013886301462734
KLK7,protein_coding,-5.532360391899237,2.2340641009567577,43.84351219844077,1.1148467065463239e-4,0.006013886301462734
KCTD1,protein_coding,-2.1906650181267673,5.0293014313280535,43.83857590730342,1.115311960383149e-4,0.006013886301462734
CBS,protein_coding,2.327496178014025,3.084875998894792,43.03558332952437,1.1201683455060495e-4,0.0060260908216575445
VIM,protein_coding,2.1432517619172744,8.922863475242396,43.68684876497001,1.128910498518316e-4,0.006059094684888144
GPR137C,protein_coding,2.517183839981555,1.5212509957472693,42.8183019217185,1.1415622533797604e-4,0.006112881743904524
SPRR1A,protein_coding,-7.664232167040778,0.6545401868302313,43.34939525079887,1.1626264180252541e-4,0.006211365047105036
SPINT1,protein_coding,-1.7962894913545233,6.410291126229738,42.72212848964433,1.1744281147924185e-4,0.006240720526550074
LIFR,protein_coding,2.614968242537398,3.6401019228521223,43.22479700521124,1.1750700214710519e-4,0.006240720526550074
LRAT,protein_coding,-4.1933080368654,0.6194309037927327,43.21379039657563,1.176177104401434e-4,0.006240720526550074
DOCK11,protein_coding,2.6238093588972444,3.5832851794096388,43.10689857099988,1.1869956520690707e-4,0.0062837765271264705
BICDL2,protein_coding,-3.9110349611495576,0.5873619817188539,42.87670182502236,1.1940969062757048e-4,0.006307002750419859
DUOXA1,protein_coding,-3.0009479680147972,1.272884988662312,42.233149997426196,1.2017200978998867e-4,0.006332874166710514
KRT81,protein_coding,-3.3322746743585956,7.765322142810998,42.88572307515095,1.2097721303597741e-4,0.006360883327955012
SNCG,protein_coding,-1.8815894279174794,4.276251791736538,42.12792852506664,1.2129464598330054e-4,0.006363177364902719
PSD4,protein_coding,-1.8843000236418228,4.602074384792329,41.8640265528565,1.2416738606770578e-4,0.006473674988619533
PCSK6,protein_coding,-3.277176229456901,2.648993888314495,42.544555051858254,1.2459693024942825e-4,0.006473674988619533
FAM110C,protein_coding,-7.243633752714193,3.3254507988789297,42.51557282475609,1.2491052386974356e-4,0.006473674988619533
GMPR,protein_coding,2.6386519839834333,1.7491074590357596,41.78322728326477,1.2506358127686322e-4,0.006473674988619533
GPRASP1,protein_coding,2.5438737289539888,2.0603567695646805,41.74872067872045,1.254487323769904e-4,0.006473674988619533
ALDH1A3,protein_coding,-2.996491029171582,5.438102177652286,42.44947019859486,1.2562940705109334e-4,0.006473674988619533
DEF6,protein_coding,-1.7679071775377737,4.444127399764103,41.67207449152722,1.2630944917206232e-4,0.006494317696368868
ARHGAP22,protein_coding,1.7892437660831835,5.424368777864223,41.637664543287826,1.268092396350153e-4,0.006505621918582242
FAM155A,protein_coding,5.2258569561053,0.7253705668842518,42.23429025220975,1.2800505350103663e-4,0.006523766323166867
ENPP1,protein_coding,2.675516954416573,3.6795944651820167,41.99763474307792,1.3068192339763516e-4,0.0066113394271720026
MYO5C,protein_coding,-1.8728479880581903,3.4487049034992467,41.28409155047687,1.3077922643478445e-4,0.0066113394271720026
UNC13D,protein_coding,-2.4952625194723588,2.2397740761990836,41.277121867223165,1.308612795395491e-4,0.0066113394271720026
"NAT8L",protein_coding,2.7857233944215056,1.5927688032152598,41.20049649576839,1.3176755593517095e-4,0.006642685466232913
JAM3,protein_coding,2.4238855487375863,4.479727896661826,41.81908364389288,1.3274722820298343e-4,0.006672461612470429
LPAR3,protein_coding,-3.116140905555429,3.9983696177387036,41.803239327463224,1.3293243229663547e-4,0.006672461612470429
WIPF3,protein_coding,-3.0972295821452884,1.4142638192245038,41.383080666812326,1.3344789565171943e-4,0.006683898911521464
CAMK4,protein_coding,2.2431312337324596,2.8522594119126845,41.028406233121984,1.3383115282529162e-4,0.00668867955195651
C16orf74,protein_coding,-2.517292320917691,4.800726915833889,41.47866176610841,1.3679730465857715e-4,0.006815705378893499
DCLK2,protein_coding,3.6683623696411156,2.388775856669229,41.46530310654023,1.3695931204575146e-4,0.006815705378893499
P2RY2,protein_coding,-3.1708842335486747,3.6508767041600754,41.41291058575563,1.3759698514236065e-4,0.006832807552795858
TMEM47,protein_coding,2.4407962747182803,2.845309854378333,40.8457273005203,1.380722642720065e-4,0.006839867567289463
C1orf74,protein_coding,-2.2209918322229285,4.420366451261709,41.35323243189924,1.3832778642969225e-4,0.006839867567289463
RHBDL3,protein_coding,3.7001470277879496,0.3166518963851016,40.714164116012725,1.3921982773013622e-4,0.0068693605020135155
F2RL1,protein_coding,-2.2902126570571086,5.57966141911397,41.23018163196958,1.3984975837606927e-4,0.006885822848855614
PTGFR,protein_coding,3.7513245382147686,2.073078576220586,41.11736285478613,1.4126330803339199e-4,0.0069267970999714774
CYP27B1,protein_coding,-2.6032188135012446,5.027132938090887,41.11619378026376,1.4127804756396215e-4,0.0069267970999714774
ATOH8,protein_coding,6.261384851351282,1.4467616604924503,40.85027011026631,1.4468049292703416e-4,0.007052281616771176
TNF,protein_coding,-2.597288833823783,1.4371236987330533,40.16920717488595,1.4474777672976983e-4,0.007052281616771176
SPRR2D,protein_coding,-6.4381783806479405,1.992400590104546,40.72025669837873,1.4638065344185427e-4,0.007116917125499359
CDH18,protein_coding,3.811694212350672,1.8867334346399847,40.647588425850664,1.4734162878437282e-4,0.007148683617847233
ANXA6,protein_coding,2.572758387976017,7.3727093433562185,40.57952937709781,1.4824869624552556e-4,0.007177707709887528
SLC35F3,protein_coding,-4.859883693431547,3.096101535697528,40.43526903161469,1.5019416212282252e-4,0.007241307450437195
PYGL,protein_coding,-1.5188060981793374,8.236579157333608,39.737579051050716,1.5064362082353473e-4,0.007241307450437195
RIN2,protein_coding,-1.4585024315408919,5.924516126470173,39.704218805988745,1.511114618863628e-4,0.007241307450437195
LMX1B,protein_coding,-2.1453272609442657,4.697426755723057,40.367404231843366,1.5112022863433906e-4,0.007241307450437195
CCN4,protein_coding,4.999994834240106,4.112648269491999,40.33457077400255,1.5157078618698212e-4,0.007247952820957746
PCDHGB5,protein_coding,2.17025556707735,3.7452956821341123,39.79278519672005,1.53229212729259e-4,0.0073076776228160984
TGFA,protein_coding,-5.060659891769415,5.700837465544198,40.19900650219204,1.534486523207511e-4,0.0073076776228160984
ARHGAP18,protein_coding,1.4135434340776665,5.927995351323715,39.50742883557272,1.5390778626267267e-4,0.007314554095592052
A2ML1,protein_coding,-5.022410143727634,3.4522006888995547,40.00512370017187,1.56184354432777e-4,0.00739342003300637
FGFR2,protein_coding,-4.476185867765908,3.254317774481944,40.003781890527186,1.5620349553382648e-4,0.00739342003300637
G0S2,protein_coding,-3.4301407888082407,5.06906420058678,39.922601242322614,1.573669352872036e-4,0.007433348731858967
PDGFC,protein_coding,1.9771734423192446,5.543535101246962,39.89045557083581,1.5783057480653527e-4,0.007440126893516997
PLXND1,protein_coding,3.067686264527202,4.714228846712031,39.722042554639735,1.6028725118488342e-4,0.0075406391043252845
PDZD4,protein_coding,2.7904061915330867,0.7997472237981506,38.83866710315954,1.6389749845484167e-4,0.007674606886145694
PCDHGA1,protein_coding,3.0246928344626767,1.3744878848059354,39.12259339679052,1.6418209767423973e-4,0.007674606886145694
MYLK,protein_coding,1.97689277995701,6.471697303174033,39.43622908090745,1.6456506051681647e-4,0.007674606886145694
IL6ST,protein_coding,2.2082448066269578,6.83594861368614,39.40532190592443,1.6503601978697517e-4,0.007674606886145694
PDGFRL,protein_coding,3.7901675406201,1.8937370187017202,39.400062479539024,1.6511632715459756e-4,0.007674606886145694
PLCL2,protein_coding,2.6451202377468515,1.6495335003679346,38.679051272370444,1.6639829400957596e-4,0.007703379188809851
PRR5,protein_coding,-2.5569279554573163,2.3752767570477253,38.8717609284706,1.669825149032173e-4,0.007715056950995567
COL11A1,protein_coding,4.72180939096174,3.5723152663392437,39.19160813397447,1.6833832569459534e-4,0.007762267240361897
POU3F3,protein_coding,4.434101803707721,-0.41368852985726007,38.48281886903035,1.7016520854622834e-4,0.0078121813331683675
OVOL1,protein_coding,-5.945425356340152,0.8791784153085923,39.05893853887,1.7042925713925828e-4,0.0078121813331683675
PTGFRN,protein_coding,-1.7033760529628148,8.146953436199523,38.38712249421239,1.7109437311430838e-4,0.007812772793931043
IQANK1,protein_coding,-2.7450490769785825,2.979061160433226,39.006373930116915,1.7126652637675847e-4,0.007812772793931043
SERPINB5,protein_coding,-2.7432659958354253,7.717704026853433,38.99485410726928,1.7145069384272082e-4,0.007812772793931043
BCAT1,protein_coding,1.6251534415135371,6.513662453472181,38.30269354133069,1.7248273861480767e-4,0.007836477554247823
MROH6,protein_coding,-3.2340802020005,3.91684899310927,38.92049890567459,1.7264528863058886e-4,0.007836477554247823
SERPINA1,protein_coding,-1.9916387820713577,6.111176653993378,38.78719033887642,1.7481277039352173e-4,0.00791939334102426
DIP2C,protein_coding,2.3053095707181317,1.6943306456174532,38.12578074451749,1.7543702115922576e-4,0.007922114131555325
SYT11,protein_coding,3.302562067768829,5.00112251874583,38.71805753705053,1.7594998725735294e-4,0.007922114131555325
WWC1,protein_coding,-1.821306948079209,6.267268361555735,38.557575476698965,1.7656659332596035e-4,0.007922114131555325
RGS4,protein_coding,4.939230747452065,5.752194491698689,38.662947468521374,1.7686305677381496e-4,0.007922114131555325
CLEC11A,protein_coding,2.612901082792673,1.567708257880159,38.0324937793887,1.7701982248094288e-4,0.007922114131555325
RNF125,protein_coding,-2.3873501778502746,1.674720513093243,38.01848569125036,1.7725900810708987e-4,0.007922114131555325
GALNT18,protein_coding,-2.3307363530310883,3.9891305143546543,38.55001247917491,1.78752453085598e-4,0.00792900154326417
STXBP5,protein_coding,1.5904500691793146,5.8711694120834625,37.930367662185475,1.7877273295587332e-4,0.00792900154326417
LRRC61,protein_coding,-2.1743604301427415,2.157178827835637,37.92221487028749,1.789135846748702e-4,0.00792900154326417
MRGPRF,protein_coding,2.8364266437991383,2.164118477745003,38.51231399037256,1.7930200338297573e-4,0.00792900154326417
DUSP7,protein_coding,-2.3785673757725427,7.150402124145937,38.49519627913951,1.7967847191270532e-4,0.00792900154326417
DUOX1,protein_coding,-1.8202628471576243,4.68319315138128,37.83216126714369,1.806262938271408e-4,0.007950293690421878
FBXO2,protein_coding,-3.778321213307279,4.498424224827441,38.35516138591522,1.8207102930009272e-4,0.007985140575424418
RGL1,protein_coding,2.1217000824116767,4.2290245483262865,38.28346318921943,1.821051852398856e-4,0.007985140575424418
ALCAM,protein_coding,1.700200526191907,7.63996635051173,37.73519887212597,1.8408383850696227e-4,0.008056701331265166
PTPN6,protein_coding,-1.9115406280900924,4.229815311319188,37.621069778449964,1.8477254417410943e-4,0.008071611719859904
ACP5,protein_coding,-2.3475314781174395,2.3778076958085173,37.460548705470266,1.871165210679049e-4,0.008142128805467212
UPP1,protein_coding,-1.8691488395745237,6.469143839528985,38.04915452436689,1.8743713041845779e-4,0.008142128805467212
SERINC2,protein_coding,-2.8384123722095125,8.084446714120151,37.99727522383783,1.883660658086762e-4,0.008167215241406034
DACT1,protein_coding,3.6107490130539044,0.4154346101345336,37.61586812174725,1.8974961754499495e-4,0.008211882889656763
EREG,protein_coding,-3.6799747982760396,3.5922097987182178,37.90085618053702,1.9010760568561986e-4,0.008212083189839788
ANXA8L1,protein_coding,-4.196404246441875,5.159297830373987,37.78696936835298,1.9219023671315961e-4,0.008261045303583412
PARD6G,protein_coding,-2.675356871043594,4.164831628500788,37.78242041185513,1.9227400408449688e-4,0.008261045303583412
USP43,protein_coding,-1.9332682119243816,3.267691769889575,37.166879493057756,1.9257510955649824e-4,0.008261045303583412
CTSV,protein_coding,-2.57053420030408,5.574970332794156,37.761331673529284,1.9266293263950988e-4,0.008261045303583412
FGFR3,protein_coding,-3.451694747459968,4.866473439370973,37.71484438817285,1.9352369628322774e-4,0.008282671642029856
PRSS22,protein_coding,-3.6667059255289978,0.8063835923829675,37.6916012491275,1.939558423024384e-4,0.00828590767483211
SLC20A2,protein_coding,-1.4646838786648564,6.325296677969363,36.97305789192183,1.9628498008983312e-4,0.008370023738142609
ALDH3B1,protein_coding,1.6895675143379396,3.755541073737542,36.912431930255295,1.9746336434470397e-4,0.008404850892620733
CLCA2,protein_coding,-3.7569622956543935,4.561717443579462,37.42254532396405,1.9904567658455343e-4,0.008412972035354089
HOOK1,protein_coding,-5.0538497895852155,2.4683585001240296,37.42041390707577,1.9908664896420422e-4,0.008412972035354089
BTBD11,protein_coding,-2.2786886271988136,3.6672692124903943,37.39669166705058,1.9925181061290222e-4,0.008412972035354089
PRKCZ,protein_coding,-2.0167118630094105,3.9985826466857386,36.999090640247964,1.999413701623496e-4,0.008412972035354089
GIPC3,protein_coding,3.147181471632609,0.07553771575181506,36.76770616536564,2.0031166921467895e-4,0.008412972035354089
HOMER2,protein_coding,-1.9431265811684397,3.2529221459324744,36.73218041540775,2.010185300649277e-4,0.008412972035354089
ENTPD3,protein_coding,-3.3776980189091494,0.4201377836011408,36.78217325500884,2.0128516750481118e-4,0.008412972035354089
KAZN,protein_coding,-1.8880308060203377,4.188524916164498,36.71910379339945,2.0144081291041267e-4,0.008412972035354089
SCN1B,protein_coding,3.3226262065749697,2.0469565181869194,37.28781608407481,2.0165610889345478e-4,0.008412972035354089
GPR162,protein_coding,3.724720209432168,2.591992766600677,37.28722588722515,2.01667636514149e-4,0.008412972035354089
SHROOM3,protein_coding,-2.372830762296371,5.347914665035846,37.26955845615378,2.020130892354856e-4,0.008412972035354089
RASA3,protein_coding,1.9789233460689022,5.344396769795544,37.25970289607246,2.022061120576437e-4,0.008412972035354089
STAP2,protein_coding,-1.5835919273414962,5.200722638806583,36.62657100772002,2.0313800014153439e-4,0.008412972035354089
POSTN,protein_coding,7.099586114079897,7.204203229213841,37.178503575709165,2.038050790240999e-4,0.008412972035354089
PALM3,protein_coding,3.9902798099126198,2.2675246870013592,37.16822383285194,2.0400861375335322e-4,0.008412972035354089
VASH2,protein_coding,2.7605623646470145,1.0198565522148637,36.583449388253854,2.040112828751215e-4,0.008412972035354089
LIMK2,protein_coding,-1.7589976662839355,6.116287280648235,36.96385761540848,2.0417023356022833e-4,0.008412972035354089
SOX7,protein_coding,-2.754286754864034,3.336364291788731,37.12147521424068,2.0493737718896914e-4,0.008426081884828357
TCF7L1,protein_coding,-3.765599920954953,5.254305679951312,37.10762569878937,2.052135261107078e-4,0.008426081884828357
PCDHGB1,protein_coding,2.510368709864443,0.956257585917228,36.38594199252185,2.080704832556515e-4,0.008525618235324687
TNFRSF25,protein_coding,-1.9017151150339024,3.835480169838222,36.37148920709157,2.0837139232635207e-4,0.008525618235324687
MED12L,protein_coding,2.331951557491142,1.7995947189386425,36.30627693971542,2.0973577839654339e-4,0.008551863067280863
RNF19B,protein_coding,-1.82130199201344,5.45586377678858,36.74569886640555,2.0974879295826556e-4,0.008551863067280863
LYPD1,protein_coding,4.0670195893409185,0.019888623266965038,36.46451658564653,2.158921640872136e-4,0.0087715627506763
EPPK1,protein_coding,-2.6052335981801087,3.498383939852578,36.4657346473751,2.1853000350126735e-4,0.008863241328742501
IL1R1,protein_coding,2.2012854989007797,6.143220857770068,36.40839491831573,2.1977057107310308e-4,0.008898027999545149
RASSF10,protein_coding,-4.391266675057172,2.240231082140454,36.33229604404036,2.2143040621469992e-4,0.008949639374660218
PTPRJ,protein_coding,1.7812496868354413,4.146302280418003,35.718847673868694,2.2253371573643986e-4,0.008965226561894744
MBNL3,protein_coding,-2.2881465335354716,1.93660948670192,35.70311910525321,2.2288936122090672e-4,0.008965226561894744
SEMA6B,protein_coding,3.3438200502193403,2.5684173753591186,36.25792444188483,2.2306748950468418e-4,0.008965226561894744
DPP4,protein_coding,2.5336437964904017,4.296363498216901,36.24474586087946,2.2335912991983893e-4,0.008965226561894744
PFKFB2,protein_coding,-1.8835404918844065,4.98130556023717,35.964636620369426,2.2689845105723083e-4,0.009060343647027567
SEMA3A,protein_coding,-2.8563749658171393,3.361417999917359,36.03603626939342,2.2804098903831692e-4,0.00907478182405905
SMAD6,protein_coding,3.7222489373079024,0.4175431267577947,35.94708396676388,2.288301840174149e-4,0.009090621327461064
RAB17,protein_coding,-2.4018363907032976,2.74325734338812,35.76474568033581,2.2942348933429252e-4,0.009098638041175697
BNC1,protein_coding,-2.0248789961263576,7.138553296453868,35.918982400918956,2.3071964095163023e-4,0.009134453927965734
ARHGAP8,protein_coding,-5.592385521012067,1.5730866565469037,35.84220866180153,2.3249755680772668e-4,0.009189189150019674
LMO7,protein_coding,1.6505378840514235,6.831699500210476,35.47113173075657,2.3306055377362073e-4,0.009191503110579247
VLDLR,protein_coding,2.0853727438285476,2.9674320453866843,35.25392509272027,2.3334710995016165e-4,0.009191503110579247
HS3ST3B1,protein_coding,1.762933264396365,3.799367717238957,35.1943609853499,2.3477863024375475e-4,0.009216647579163616
DTX2,protein_coding,-2.208321318625112,5.2580045040747905,35.64769181252168,2.3707815840475193e-4,0.009291224960078306
KLK8,protein_coding,-7.161902296217231,0.5730355612674852,35.57800089289489,2.387462484388387e-4,0.009333582779853524
ZEB1,protein_coding,2.969109371601699,3.903451476883802,35.56902207304714,2.3896220972516552e-4,0.009333582779853524
LIPG,protein_coding,-3.9412383340288404,6.055278878844669,35.53204617306733,2.3985410147711e-4,0.009352700198536974
GJA5,protein_coding,-7.312069333892871,2.958781113758127,35.49610659929059,2.4072492328158603e-4,0.009370933361916347
COL8A1,protein_coding,2.4423217999963027,6.5312176688591785,35.437494178170574,2.4215347087782916e-4,0.009399951267213262
NKX1-2,protein_coding,-4.584277193693958,-0.33833549371550464,35.36707314225757,2.423679299391e-4,0.009399951267213262
EPSTI1,protein_coding,1.7608341659051279,4.807942782682373,34.99189154276764,2.4288804985017924e-4,0.009399951267213262
GSTP1,protein_coding,-1.6158183555886378,9.264228914429937,34.77743629155817,2.451062249658495e-4,0.009427061630200082
ABCA2,protein_coding,1.8214402834823094,5.098975786354236,35.15686081422182,2.4549385148351684e-4,0.009427061630200082
TMEFF2,protein_coding,4.700279587813013,1.440177041436834,35.29119570647491,2.457649271332402e-4,0.009427061630200082
RNF144B,protein_coding,-2.8633004808131908,3.8176268874471795,35.28908444558374,2.458175278787113e-4,0.009427061630200082
S100A3,protein_coding,-2.1955969804087423,3.2426892409583945,34.964796820726974,2.471247638638919e-4,0.00946102917868322
PTK6,protein_coding,-3.107584004508647,1.8166334679099638,35.2119422992157,2.477490086761665e-4,0.00946102917868322
CAMK1D,protein_coding,3.074757048927654,1.5464897332821816,35.20496758658035,2.479245598028434e-4,0.00946102917868322
CPNE7,protein_coding,3.0535274201746927,4.58149158892712,35.13711620062104,2.496403656723972e-4,0.00951088868561723
AC015802.6,protein_coding,-3.4758917499173005,1.19776205189429,35.10201340987362,2.5053376736326835e-4,0.009529167537011803
MGP,protein_coding,5.232913878443721,1.94532482831176,35.086094637409595,2.509402122483315e-4,0.009529167537011803
CTXN1,protein_coding,1.8728648474599314,3.082585551864931,34.521266168002846,2.517287131470762e-4,0.009529662312246409
CCDC120,protein_coding,-2.0997677856349375,4.487429837404472,35.037600089344224,2.5218340456245874e-4,0.009529662312246409
KCNJ8,protein_coding,3.4398913412662635,0.2416794031877068,34.614293063945155,2.5272063111329477e-4,0.009534460173819757
HLA-DQB1,protein_coding,-5.784940730474824,0.8468654034858957,34.98564922782109,2.535236178264622e-4,0.009549252639038868
CHN1,protein_coding,2.3388782221253472,4.878831570773233,34.95772273414509,2.542476780540222e-4,0.009561029187662582
MME,protein_coding,2.407932277355968,6.340720933243567,34.92785010422051,2.5502501424508653e-4,0.009574767901544122
TLR4,protein_coding,2.352311941460889,3.3308608323834883,34.837134988501944,2.57403559439384e-4,0.009632944800919942
RAB3D,protein_coding,-1.6046882138911236,5.185650901326403,34.263627159381024,2.586119697361858e-4,0.009647098196900412
NEBL,protein_coding,2.9073435221719843,2.6093826710492665,34.74204745568956,2.59926110379248e-4,0.009665092488341957
NGEF,protein_coding,2.714277037150801,2.2697804840194977,34.7157035139567,2.6063035440460465e-4,0.009675797821666153
IL36G,protein_coding,-6.651941693837877,-0.7207172582652509,34.53723632612137,2.6546357974898527e-4,0.00983951131318408
SERINC5,protein_coding,-1.6376148770884495,4.92475061832357,33.95918321334467,2.6704592736333195e-4,0.00985451087023065
UPK2,protein_coding,-2.9688801184553926,0.059092442641141,33.95211649110959,2.6724567117343356e-4,0.00985451087023065
SEMA5A,protein_coding,2.1300116218666245,4.632420551810659,34.46853536504814,2.673534817802078e-4,0.00985451087023065
BDNF,protein_coding,2.699152670201174,2.8965682476164325,34.4609056785764,2.6756438722528144e-4,0.00985451087023065
JAG1,protein_coding,-1.939724684131947,6.7670472561886506,34.43149589847473,2.6837927143138964e-4,0.009867843477395052
PLD5,protein_coding,-4.4083908639129925,3.8993782397627172,34.41723181416564,2.687755990185485e-4,0.009867843477395052
GRIP1,protein_coding,-3.549145689002969,1.6906396233124663,34.38058129777069,2.6979723983766146e-4,0.009889728476068222
FOXE1,protein_coding,-3.020731878331019,3.3069485740975573,34.3416824820625,2.7088678295071947e-4,0.009914029662637354
GFOD1,protein_coding,-2.4241425179257523,4.35384558573185,34.275748696980806,2.727459569669747e-4,0.00993737714948091
PKP3,protein_coding,-3.14945826110065,6.350150902920451,34.27565703640449,2.727485524806675e-4,0.00993737714948091
DLC1,protein_coding,2.4494983072753063,7.083353107119051,34.2735751051642,2.7280751382826246e-4,0.00993737714948091
